{
  "Total" : {
    "transaction" : "Total",
    "sampleCount" : 100000,
    "errorCount" : 84059,
    "errorPct" : 84.059,
    "meanResTime" : 265.1932099999954,
    "medianResTime" : 180.0,
    "minResTime" : 0.0,
    "maxResTime" : 1491.0,
    "pct1ResTime" : 907.0,
    "pct2ResTime" : 1058.9500000000007,
    "pct3ResTime" : 1138.0,
    "throughput" : 4155.41242468315,
    "receivedKBytesPerSec" : 8107.322291190525,
    "sentKBytesPerSec" : 82.80178682734261
  },
  "HTTP Request" : {
    "transaction" : "HTTP Request",
    "sampleCount" : 100000,
    "errorCount" : 84059,
    "errorPct" : 84.059,
    "meanResTime" : 265.1932099999954,
    "medianResTime" : 180.0,
    "minResTime" : 0.0,
    "maxResTime" : 1491.0,
    "pct1ResTime" : 907.0,
    "pct2ResTime" : 1058.9500000000007,
    "pct3ResTime" : 1138.0,
    "throughput" : 4155.41242468315,
    "receivedKBytesPerSec" : 8107.322291190525,
    "sentKBytesPerSec" : 82.80178682734261
  }
}